users, TP-TV(AVG), TP-TV(STD), TM-EMD-Y(AVG), TM-EMD-Y(STD), TM-EMD-X(AVG), TM-EMD-X(STD), TM-TV(AVG), TM-TV(STD)
u1-t1u1,0.604435582222828,0.3483658094559197,0.07277177827978741,0.03077685912115821,0.07277177827978741,0.03077685912115821,0.06142465294224285,0.033736797561268225
u2-t1u1,0.644343911299301,0.3538691191551412,0.07286270314051693,0.029893031563677265,0.07286270314051693,0.029893031563677265,0.06170457942301536,0.03137600720066275
t1u1-t2u1,0.038424218749999996,0.013539566224153227,0.12579466545728127,0.04552709466469822,0.12579466545728127,0.04552709466469822,0.10331203678492752,0.050743612627373286
t1u1-t1u2,0.06075194444444448,0.03473139900718844,0.13117194873574334,0.03754543799547291,0.13117194873574334,0.03754543799547291,0.10841754840668068,0.03837933085722121
users, TP-TV(t-stat), TP-TV(p-value), TM-EMD-Y(t-stat), TM-EMD-Y(p-value), TM-EMD-X(t-stat), TM-EMD-X(p-value), TM-TV(t-stat), TM-TV(p-value)
u1-t1u1 vs. u2-t1u1,-2.527624511303285,0.011636961296301146,-0.27272586273027105,0.7851203149266638,-0.27272586273027105,0.7851203149266638,-0.9010369684482885,0.36778582836535767
t1u1-t2u1 vs. t1u1-t1u2,-21.128733363812184,3.323758279581488e-82,-4.540830024426966,6.286136880132452e-06,-4.540830024426966,6.286136880132452e-06,-4.103277751213431,4.4053300665085575e-05
