users, TP-TV(AVG), TP-TV(STD), TM-EMD-Y(AVG), TM-EMD-Y(STD), TM-EMD-X(AVG), TM-EMD-X(STD), TM-TV(AVG), TM-TV(STD)
u1-t1u1,0.5558569533085247,0.34534919195362485,0.15907840865626285,0.07962927450389834,0.15907840865626285,0.07962927450389834,0.08556155107875,0.04375454166117532
u2-t1u1,0.6124380846517398,0.35611643420536365,0.1596229280139703,0.07668165421999956,0.1596229280139703,0.07668165421999956,0.0864970977662496,0.04124367299831131
t1u1-t2u1,0.03295736111111111,0.016728288761319533,0.26755277139240374,0.12140237662294326,0.26755277139240374,0.12140237662294326,0.13742808746478094,0.06270535018170068
t1u1-t1u2,0.06516622395833335,0.06169869295498927,0.28376311237425,0.09430653497843333,0.28376311237425,0.09430653497843333,0.1467856599137851,0.04847583287885992
users, TP-TV(t-stat), TP-TV(p-value), TM-EMD-Y(t-stat), TM-EMD-Y(p-value), TM-EMD-X(t-stat), TM-EMD-X(p-value), TM-TV(t-stat), TM-TV(p-value)
u1-t1u1 vs. u2-t1u1,-3.5230136063520696,0.00044597754492451357,-0.9167908187913427,0.3594735264314689,-0.9167908187913427,0.3594735264314689,-2.0277812206559878,0.0428475941273624
t1u1-t2u1 vs. t1u1-t1u2,-17.182579282540512,3.571897270153112e-58,-5.622325159772057,2.4441562407946305e-08,-5.622325159772057,2.4441562407946305e-08,-6.336963571938609,3.540052798060312e-10
