users, TP-TV(AVG), TP-TV(STD), TM-EMD-Y(AVG), TM-EMD-Y(STD), TM-EMD-X(AVG), TM-EMD-X(STD), TM-TV(AVG), TM-TV(STD)
u1-t1u1,0.48256376605723444,0.3610838495097263,0.23440311893259083,0.0788114014457111,0.23440311893259083,0.0788114014457111,0.09594144366210887,0.039636810474926946
u2-t1u1,0.48074349647727727,0.359608441441113,0.23713361323181303,0.07406673003224372,0.23713361323181303,0.07406673003224372,0.09750928306299224,0.036563365737218724
t1u1-t2u1,0.027917812499999996,0.008248757806006835,0.3962814147155397,0.10702090528703775,0.3962814147155397,0.10702090528703775,0.1553022939559846,0.053702476644119215
t1u1-t1u2,0.03886289062500001,0.014305458581029941,0.41758175573637063,0.08853025002584958,0.41758175573637063,0.08853025002584958,0.164661762428533,0.04341451919106614
users, TP-TV(t-stat), TP-TV(p-value), TM-EMD-Y(t-stat), TM-EMD-Y(p-value), TM-EMD-X(t-stat), TM-EMD-X(p-value), TM-TV(t-stat), TM-TV(p-value)
u1-t1u1 vs. u2-t1u1,0.11532921708375252,0.9082073575541321,-2.2129824839717007,0.027124273262436726,-2.2129824839717007,0.027124273262436726,-2.7393009909305084,0.006266623024218833
t1u1-t2u1 vs. t1u1-t1u2,-25.88235711641921,1.9015192765208642e-113,-7.826375161029911,1.2748783043710712e-14,-7.826375161029911,1.2748783043710712e-14,-7.049514993997069,3.3453525198547002e-12
