tracedir, tracefile, reid_rate, MIA_acc, MIA_adv, -, TP-TV_syn, TP-TV_tes, TP-TV_uni, -, TP-TV-Top50_syn, TP-TV-Top50_tes, TP-TV-Top50_uni, -, TP-SWD_syn, TP-SWD_tes, TP-SWD_uni, -, VF-TV_syn, VF-TV_tes, VF-TV_uni, -, TM-TV_syn, TM-TV_tes, TM-TV_uni, -, TM-SWD_syn, TM-SWD_tes, TM-SWD_uni
PPMTF_TK_alp200_mnt100_mnv100,syntraces_Itr100_SmplA1.csv,-,-,-,-,0.35178254040479173,0.29783397296131003,0.49413424901147374,-,0.11214494937175641,0.061114102160434815,0.17657285188730995,-,0.4525662084467247,0.2701965912226319,0.376309885803029,-,0.234881071754265,0.16223872159486383,0.42040673847852034,-,0.925237604809333,0.8216447191933877,0.9744952040473773,-,1.4779187400567557,1.4419653101311198,2.4419410837536977
